C:/dev/MLDL/미니프로젝트/data/batch_5/000029.JPG,947,1666,1206,2049,Cup
C:/dev/MLDL/미니프로젝트/data/batch_8/000035.jpg,1515,344,1618,437,Bottle
C:/dev/MLDL/미니프로젝트/data/batch_14/000001.jpg,1270,791,3077,2581,Cup
C:/dev/MLDL/미니프로젝트/data/batch_8/000074.jpg,1235,1057,1420,1194,Can
C:/dev/MLDL/미니프로젝트/data/batch_7/000066.JPG,1716,1246,1795,1358,Cup
C:/dev/MLDL/미니프로젝트/data/batch_2/000074.JPG,1089,727,1226,1113,Bottle
C:/dev/MLDL/미니프로젝트/data/batch_1/000022.jpg,647,1033,1467,1409,Bottle
C:/dev/MLDL/미니프로젝트/data/batch_3/IMG_5068.JPG,867,1201,1835,2317,Paper
C:/dev/MLDL/미니프로젝트/data/batch_12/000077.jpg,687,353,2002,1189,Can
C:/dev/MLDL/미니프로젝트/data/batch_6/000076.JPG,385,974,697,1351,Cup
C:/dev/MLDL/미니프로젝트/data/batch_2/000026.JPG,424,1378,568,1507,Can
C:/dev/MLDL/미니프로젝트/data/batch_3/IMG_4893.JPG,950,1123,1052,1299,Paper
C:/dev/MLDL/미니프로젝트/data/batch_7/000087.JPG,1826,1485,2038,1642,Cup
C:/dev/MLDL/미니프로젝트/data/batch_8/000017.jpg,1763,1182,1845,1227,Can
C:/dev/MLDL/미니프로젝트/data/batch_7/000089.JPG,1449,1316,1578,1355,Bottle
C:/dev/MLDL/미니프로젝트/data/batch_5/000120.JPG,1336,750,1549,870,Bottle
C:/dev/MLDL/미니프로젝트/data/batch_10/000011.jpg,2934,693,3193,794,Paper
C:/dev/MLDL/미니프로젝트/data/batch_1/000005.jpg,824,557,913,793,Bottle
C:/dev/MLDL/미니프로젝트/data/batch_1/000084.JPG,1905,284,2051,435,Can
C:/dev/MLDL/미니프로젝트/data/batch_13/000010.jpg,168,7,2465,1756,Cup
C:/dev/MLDL/미니프로젝트/data/batch_15/000084.jpg,1632,301,2059,1573,Bottle
C:/dev/MLDL/미니프로젝트/data/batch_9/000056.jpg,1041,1243,1160,1352,Paper
C:/dev/MLDL/미니프로젝트/data/batch_12/000074.jpg,2309,1566,2673,1892,Cup
C:/dev/MLDL/미니프로젝트/data/batch_7/000125.JPG,1774,884,2032,1374,Bottle
C:/dev/MLDL/미니프로젝트/data/batch_7/000033.JPG,175,978,600,1501,Cup
C:/dev/MLDL/미니프로젝트/data/batch_7/000049.JPG,614,1589,814,2083,Bottle
C:/dev/MLDL/미니프로젝트/data/batch_5/000118.JPG,1110,1050,1660,1483,Cup
C:/dev/MLDL/미니프로젝트/data/batch_6/000100.JPG,2478,1995,2745,2340,Bottle
C:/dev/MLDL/미니프로젝트/data/batch_15/000076.jpg,0,631,602,891,Paper
C:/dev/MLDL/미니프로젝트/data/batch_1/000048.jpg,211,1,628,1418,Bottle
C:/dev/MLDL/미니프로젝트/data/batch_3/IMG_5055.JPG,1213,1146,1523,1566,Can
C:/dev/MLDL/미니프로젝트/data/batch_2/000038.JPG,1626,1571,1850,1759,Cup
C:/dev/MLDL/미니프로젝트/data/batch_7/000037.JPG,1349,2099,1520,2236,Cup
C:/dev/MLDL/미니프로젝트/data/batch_1/000090.JPG,608,439,1539,1631,Can
C:/dev/MLDL/미니프로젝트/data/batch_8/000042.jpg,319,1168,419,1196,Bottle
C:/dev/MLDL/미니프로젝트/data/batch_10/000093.jpg,0,1390,142,1497,Bottle
C:/dev/MLDL/미니프로젝트/data/batch_14/000022.jpg,1261,1599,2190,2274,Paper
C:/dev/MLDL/미니프로젝트/data/batch_7/000080.JPG,2093,1023,2235,1265,Bottle
C:/dev/MLDL/미니프로젝트/data/batch_5/000067.JPG,883,1274,1343,1689,Bottle
C:/dev/MLDL/미니프로젝트/data/batch_1/000040.jpg,285,402,757,1026,Can
C:/dev/MLDL/미니프로젝트/data/batch_15/000053.jpg,1328,1281,2123,2764,Bottle
C:/dev/MLDL/미니프로젝트/data/batch_1/000040.jpg,1450,379,1964,991,Can
C:/dev/MLDL/미니프로젝트/data/batch_4/000026.JPG,1868,1814,2337,2054,Cup
C:/dev/MLDL/미니프로젝트/data/batch_5/000055.JPG,876,794,1183,1239,Cup
C:/dev/MLDL/미니프로젝트/data/batch_2/000035.JPG,1395,1281,2148,1887,Can
C:/dev/MLDL/미니프로젝트/data/batch_10/000021.jpg,2062,652,2156,895,Bottle
C:/dev/MLDL/미니프로젝트/data/batch_7/000057.JPG,1299,1332,1397,1401,Cup
C:/dev/MLDL/미니프로젝트/data/batch_2/000029.JPG,1084,1784,1331,2152,Can
C:/dev/MLDL/미니프로젝트/data/batch_3/IMG_4934.JPG,104,547,2182,2369,Paper
C:/dev/MLDL/미니프로젝트/data/batch_13/000034.jpg,864,1320,1963,2318,Bottle
C:/dev/MLDL/미니프로젝트/data/batch_7/000044.JPG,240,1597,332,1671,Paper
C:/dev/MLDL/미니프로젝트/data/batch_3/IMG_5068.JPG,259,1791,990,2372,Paper
C:/dev/MLDL/미니프로젝트/data/batch_7/000036.JPG,1881,1158,2199,1553,Can
C:/dev/MLDL/미니프로젝트/data/batch_1/000115.JPG,361,520,1059,851,Bottle
C:/dev/MLDL/미니프로젝트/data/batch_9/000097.jpg,354,575,648,1196,Bottle
C:/dev/MLDL/미니프로젝트/data/batch_8/000044.jpg,1867,80,2004,181,Bottle
C:/dev/MLDL/미니프로젝트/data/batch_2/000043.JPG,1046,1277,1267,1398,Can
C:/dev/MLDL/미니프로젝트/data/batch_5/000007.JPG,1461,956,1793,1175,Can
C:/dev/MLDL/미니프로젝트/data/batch_9/000052.jpg,1527,1157,2748,1612,Paper
C:/dev/MLDL/미니프로젝트/data/batch_7/000048.JPG,1497,1822,1674,2375,Paper
C:/dev/MLDL/미니프로젝트/data/batch_1/000081.JPG,749,1972,1193,2256,Bottle
C:/dev/MLDL/미니프로젝트/data/batch_6/000021.JPG,685,422,1492,1612,Bottle
C:/dev/MLDL/미니프로젝트/data/batch_9/000079.jpg,973,1626,1058,1734,Bottle
C:/dev/MLDL/미니프로젝트/data/batch_13/000067.jpg,395,1032,4153,2074,Bottle
C:/dev/MLDL/미니프로젝트/data/batch_15/000057.jpg,938,1725,2423,2707,Bottle
C:/dev/MLDL/미니프로젝트/data/batch_13/000054.jpg,876,1668,1132,1832,Can
C:/dev/MLDL/미니프로젝트/data/batch_6/000066.JPG,1532,495,1613,564,Bottle
C:/dev/MLDL/미니프로젝트/data/batch_14/000038.jpg,876,1597,1986,2407,Bottle
C:/dev/MLDL/미니프로젝트/data/batch_8/000007.jpg,1546,1816,2139,2247,Bottle
C:/dev/MLDL/미니프로젝트/data/batch_13/000022.jpg,516,781,1173,1743,Cup
C:/dev/MLDL/미니프로젝트/data/batch_4/000004.JPG,1573,1029,1982,1146,Paper
C:/dev/MLDL/미니프로젝트/data/batch_7/000088.JPG,1312,1524,1413,1567,Bottle
C:/dev/MLDL/미니프로젝트/data/batch_1/000045.jpg,564,1303,1086,1536,Can
C:/dev/MLDL/미니프로젝트/data/batch_14/000042.jpg,795,1791,1513,2640,Bottle
C:/dev/MLDL/미니프로젝트/data/batch_8/000053.jpg,1450,986,1514,1037,Paper
C:/dev/MLDL/미니프로젝트/data/batch_11/000041.jpg,1374,2107,1705,2516,Can
C:/dev/MLDL/미니프로젝트/data/batch_1/000019.jpg,209,920,663,1482,Bottle
C:/dev/MLDL/미니프로젝트/data/batch_15/000073.jpg,670,915,968,1222,Cup
C:/dev/MLDL/미니프로젝트/data/batch_14/000061.jpg,638,1790,2105,3006,Paper
C:/dev/MLDL/미니프로젝트/data/batch_8/000021.jpg,1650,690,1851,846,Bottle
C:/dev/MLDL/미니프로젝트/data/batch_15/000019.jpg,798,662,890,735,Bottle
C:/dev/MLDL/미니프로젝트/data/batch_10/000089.jpg,1205,1702,1342,1820,Cup
C:/dev/MLDL/미니프로젝트/data/batch_3/IMG_4889.JPG,982,1196,1244,1320,Can
C:/dev/MLDL/미니프로젝트/data/batch_10/000013.jpg,2207,774,2387,835,Bottle
C:/dev/MLDL/미니프로젝트/data/batch_3/IMG_5068.JPG,1026,967,1670,1402,Paper
C:/dev/MLDL/미니프로젝트/data/batch_1/000038.jpg,1498,636,1903,1113,Can
C:/dev/MLDL/미니프로젝트/data/batch_12/000013.jpg,334,739,2075,2315,Bottle
C:/dev/MLDL/미니프로젝트/data/batch_5/000017.JPG,907,1125,1366,1446,Can
C:/dev/MLDL/미니프로젝트/data/batch_15/000030.jpg,689,807,923,1084,Can
C:/dev/MLDL/미니프로젝트/data/batch_7/000119.JPG,1826,1285,2401,1506,Bottle
C:/dev/MLDL/미니프로젝트/data/batch_8/000023.jpg,535,804,643,903,Bottle
C:/dev/MLDL/미니프로젝트/data/batch_15/000076.jpg,1274,792,1608,1041,Can
C:/dev/MLDL/미니프로젝트/data/batch_3/IMG_4992.JPG,997,897,1450,1388,Bottle
C:/dev/MLDL/미니프로젝트/data/batch_5/000066.JPG,1754,1351,2016,1885,Bottle
C:/dev/MLDL/미니프로젝트/data/batch_3/IMG_4969.JPG,1520,1487,1589,1547,Cup
C:/dev/MLDL/미니프로젝트/data/batch_7/000085.JPG,2,236,71,303,Bottle
C:/dev/MLDL/미니프로젝트/data/batch_12/000089.jpg,556,2068,2119,2960,Cup
C:/dev/MLDL/미니프로젝트/data/batch_5/000041.JPG,738,2192,1004,2442,Cup
C:/dev/MLDL/미니프로젝트/data/batch_15/000032.jpg,1925,1589,2382,2203,Cup
C:/dev/MLDL/미니프로젝트/data/batch_5/000013.JPG,704,1622,952,1748,Can
C:/dev/MLDL/미니프로젝트/data/batch_1/000104.JPG,734,1236,1926,2389,Can
C:/dev/MLDL/미니프로젝트/data/batch_8/000036.jpg,1270,601,1938,866,Bottle
C:/dev/MLDL/미니프로젝트/data/batch_7/000092.JPG,1254,493,1680,1222,Can
C:/dev/MLDL/미니프로젝트/data/batch_2/000048.JPG,1233,1519,1452,1798,Can
C:/dev/MLDL/미니프로젝트/data/batch_3/IMG_4969.JPG,1422,898,1445,933,Can
C:/dev/MLDL/미니프로젝트/data/batch_15/000051.jpg,2047,644,2517,1110,Paper
C:/dev/MLDL/미니프로젝트/data/batch_9/000008.jpg,0,1553,127,2400,Bottle
C:/dev/MLDL/미니프로젝트/data/batch_14/000081.jpg,313,1993,715,2468,Can
C:/dev/MLDL/미니프로젝트/data/batch_2/000082.JPG,1164,385,1430,501,Bottle
C:/dev/MLDL/미니프로젝트/data/batch_8/000074.jpg,1439,1698,1543,1885,Can
C:/dev/MLDL/미니프로젝트/data/batch_2/000080.JPG,1404,2097,1666,2285,Can
C:/dev/MLDL/미니프로젝트/data/batch_10/000023.jpg,583,1544,714,1597,Bottle
C:/dev/MLDL/미니프로젝트/data/batch_12/000018.jpg,1146,2174,1871,2693,Can
C:/dev/MLDL/미니프로젝트/data/batch_1/000031.jpg,470,1040,883,1361,Can
C:/dev/MLDL/미니프로젝트/data/batch_7/000085.JPG,555,1481,693,1713,Bottle
C:/dev/MLDL/미니프로젝트/data/batch_11/000038.jpg,1616,2326,2055,2585,Cup
C:/dev/MLDL/미니프로젝트/data/batch_6/000100.JPG,994,579,1602,894,Bottle
C:/dev/MLDL/미니프로젝트/data/batch_6/000072.JPG,2191,1565,2239,1638,Can
C:/dev/MLDL/미니프로젝트/data/batch_4/000005.JPG,1549,855,1830,1053,Cup
C:/dev/MLDL/미니프로젝트/data/batch_9/000027.jpg,1580,482,1936,907,Paper
C:/dev/MLDL/미니프로젝트/data/batch_7/000087.JPG,777,1474,975,1717,Cup
C:/dev/MLDL/미니프로젝트/data/batch_1/000128.JPG,1102,861,1713,1200,Can
C:/dev/MLDL/미니프로젝트/data/batch_7/000025.JPG,616,1380,933,1563,Can
C:/dev/MLDL/미니프로젝트/data/batch_3/IMG_4948.JPG,1504,1391,1712,1489,Can
C:/dev/MLDL/미니프로젝트/data/batch_8/000016.jpg,1153,1254,1460,1351,Paper
C:/dev/MLDL/미니프로젝트/data/batch_11/000026.jpg,2459,1427,3456,2484,Bottle
C:/dev/MLDL/미니프로젝트/data/batch_3/IMG_4939.JPG,686,21,1555,1053,Cup
C:/dev/MLDL/미니프로젝트/data/batch_3/IMG_5058.JPG,787,1398,1101,1643,Can
C:/dev/MLDL/미니프로젝트/data/batch_13/000093.jpg,40,450,3728,1948,Bottle
C:/dev/MLDL/미니프로젝트/data/batch_6/000066.JPG,554,189,723,292,Bottle
C:/dev/MLDL/미니프로젝트/data/batch_8/000039.jpg,946,2079,1444,2286,Bottle
C:/dev/MLDL/미니프로젝트/data/batch_14/000025.jpg,670,1870,2250,2377,Bottle
C:/dev/MLDL/미니프로젝트/data/batch_2/000027.JPG,1406,2071,1783,2447,Can
C:/dev/MLDL/미니프로젝트/data/batch_14/000047.jpg,1232,2069,1727,2615,Can
C:/dev/MLDL/미니프로젝트/data/batch_8/000014.jpg,794,1101,946,1405,Can
C:/dev/MLDL/미니프로젝트/data/batch_15/000072.jpg,559,954,1048,1210,Bottle
C:/dev/MLDL/미니프로젝트/data/batch_1/000037.jpg,929,557,1308,1057,Can
C:/dev/MLDL/미니프로젝트/data/batch_14/000047.jpg,1596,1917,2092,2723,Can
C:/dev/MLDL/미니프로젝트/data/batch_1/000045.jpg,395,475,819,961,Can
C:/dev/MLDL/미니프로젝트/data/batch_1/000048.jpg,579,521,901,1442,Bottle
C:/dev/MLDL/미니프로젝트/data/batch_12/000087.jpg,661,438,1305,1141,Cup
C:/dev/MLDL/미니프로젝트/data/batch_3/IMG_4887.JPG,974,1074,1177,1207,Can
C:/dev/MLDL/미니프로젝트/data/batch_7/000135.JPG,1343,1577,1503,1978,Bottle
C:/dev/MLDL/미니프로젝트/data/batch_1/000117.JPG,2185,1042,2297,1310,Paper
C:/dev/MLDL/미니프로젝트/data/batch_13/000080.jpg,2945,0,3115,240,Paper
C:/dev/MLDL/미니프로젝트/data/batch_15/000000.jpg,1913,2245,2192,2456,Cup
C:/dev/MLDL/미니프로젝트/data/batch_6/000046.JPG,531,552,865,919,Bottle
C:/dev/MLDL/미니프로젝트/data/batch_15/000007.jpg,818,1255,1356,1469,Paper
C:/dev/MLDL/미니프로젝트/data/batch_3/IMG_4941.JPG,1788,70,1893,155,Paper
C:/dev/MLDL/미니프로젝트/data/batch_5/000005.JPG,613,435,810,865,Can
C:/dev/MLDL/미니프로젝트/data/batch_8/000066.jpg,1030,941,1351,1280,Cup
C:/dev/MLDL/미니프로젝트/data/batch_13/000059.jpg,2,862,740,1733,Cup
C:/dev/MLDL/미니프로젝트/data/batch_8/000014.jpg,1901,1057,2042,1532,Bottle
C:/dev/MLDL/미니프로젝트/data/batch_13/000054.jpg,1120,1801,1304,2130,Can
C:/dev/MLDL/미니프로젝트/data/batch_7/000085.JPG,257,1088,485,1255,Cup
C:/dev/MLDL/미니프로젝트/data/batch_1/000023.jpg,1015,979,1205,1193,Can
C:/dev/MLDL/미니프로젝트/data/batch_3/IMG_5042.JPG,1445,1048,1902,2158,Bottle
C:/dev/MLDL/미니프로젝트/data/batch_10/000011.jpg,1736,498,1966,823,Paper
C:/dev/MLDL/미니프로젝트/data/batch_6/000024.JPG,1509,1195,1728,1390,Can
C:/dev/MLDL/미니프로젝트/data/batch_8/000013.jpg,1064,442,1399,648,Bottle
C:/dev/MLDL/미니프로젝트/data/batch_10/000014.jpg,2666,1086,2758,1131,Paper
C:/dev/MLDL/미니프로젝트/data/batch_6/000023.JPG,726,1203,1077,1656,Bottle
C:/dev/MLDL/미니프로젝트/data/batch_12/000035.jpg,987,2341,1369,2747,Cup
C:/dev/MLDL/미니프로젝트/data/batch_3/IMG_4934.JPG,319,619,2191,2052,Paper
C:/dev/MLDL/미니프로젝트/data/batch_8/000073.jpg,560,1448,1033,1764,Cup
C:/dev/MLDL/미니프로젝트/data/batch_7/000011.JPG,2999,2432,3307,2605,Can
C:/dev/MLDL/미니프로젝트/data/batch_6/000032.JPG,951,1516,1188,1672,Bottle
C:/dev/MLDL/미니프로젝트/data/batch_6/000072.JPG,1955,649,1986,698,Can
C:/dev/MLDL/미니프로젝트/data/batch_12/000033.jpg,1167,1895,1419,2178,Bottle
C:/dev/MLDL/미니프로젝트/data/batch_6/000093.JPG,1619,1508,1939,2036,Bottle
C:/dev/MLDL/미니프로젝트/data/batch_8/000036.jpg,646,444,1249,910,Bottle
C:/dev/MLDL/미니프로젝트/data/batch_1/000032.jpg,503,808,948,1165,Can
C:/dev/MLDL/미니프로젝트/data/batch_3/IMG_4969.JPG,1414,1197,1555,1272,Bottle
C:/dev/MLDL/미니프로젝트/data/batch_6/000010.JPG,534,1591,1144,2316,Bottle
C:/dev/MLDL/미니프로젝트/data/batch_14/000069.jpg,25,1561,2340,2935,Can
C:/dev/MLDL/미니프로젝트/data/batch_8/000016.jpg,1383,692,1612,799,Bottle
C:/dev/MLDL/미니프로젝트/data/batch_6/000102.JPG,1467,1439,1542,1560,Can
C:/dev/MLDL/미니프로젝트/data/batch_9/000000.jpg,1411,1713,1495,1799,Paper
C:/dev/MLDL/미니프로젝트/data/batch_7/000024.JPG,1163,1156,1297,1292,Can
C:/dev/MLDL/미니프로젝트/data/batch_12/000034.jpg,1450,1132,1642,1338,Can
C:/dev/MLDL/미니프로젝트/data/batch_1/000035.jpg,886,522,1200,954,Cup
C:/dev/MLDL/미니프로젝트/data/batch_6/000078.JPG,652,710,961,922,Can
C:/dev/MLDL/미니프로젝트/data/batch_5/000027.JPG,876,1796,964,2075,Bottle
C:/dev/MLDL/미니프로젝트/data/batch_1/000000.jpg,710,1225,863,1423,Bottle
C:/dev/MLDL/미니프로젝트/data/batch_1/000070.JPG,1038,1111,1293,1748,Can
C:/dev/MLDL/미니프로젝트/data/batch_9/000091.jpg,1260,1274,1777,1584,Bottle
C:/dev/MLDL/미니프로젝트/data/batch_15/000020.jpg,980,734,1242,1067,Can
C:/dev/MLDL/미니프로젝트/data/batch_8/000034.jpg,1747,538,1902,682,Can
C:/dev/MLDL/미니프로젝트/data/batch_8/000014.jpg,1355,1104,1515,1445,Can
C:/dev/MLDL/미니프로젝트/data/batch_5/000026.JPG,1431,1326,1562,1509,Cup
C:/dev/MLDL/미니프로젝트/data/batch_2/000027.JPG,2791,1391,3168,1673,Can
C:/dev/MLDL/미니프로젝트/data/batch_6/000057.JPG,2198,612,2426,932,Can
C:/dev/MLDL/미니프로젝트/data/batch_15/000082.jpg,598,971,747,1155,Paper
C:/dev/MLDL/미니프로젝트/data/batch_12/000017.jpg,1236,1377,1499,1611,Cup
C:/dev/MLDL/미니프로젝트/data/batch_1/000045.jpg,804,465,1143,966,Can
C:/dev/MLDL/미니프로젝트/data/batch_2/000009.JPG,1753,699,2278,1283,Cup
C:/dev/MLDL/미니프로젝트/data/batch_3/IMG_5057.JPG,1190,1762,1309,1823,Can
C:/dev/MLDL/미니프로젝트/data/batch_3/IMG_5054.JPG,1270,2006,1345,2061,Cup
C:/dev/MLDL/미니프로젝트/data/batch_14/000007.jpg,285,998,3653,2129,Bottle
C:/dev/MLDL/미니프로젝트/data/batch_6/000076.JPG,1150,1286,1412,1843,Bottle
C:/dev/MLDL/미니프로젝트/data/batch_7/000049.JPG,50,585,140,656,Cup
C:/dev/MLDL/미니프로젝트/data/batch_1/000064.JPG,913,1077,1519,1668,Cup
C:/dev/MLDL/미니프로젝트/data/batch_12/000057.jpg,1277,311,1750,496,Bottle
C:/dev/MLDL/미니프로젝트/data/batch_5/000011.JPG,836,1228,1430,1543,Can
C:/dev/MLDL/미니프로젝트/data/batch_5/000064.JPG,1507,1460,1639,1644,Cup
C:/dev/MLDL/미니프로젝트/data/batch_15/000071.jpg,987,853,1244,1253,Bottle
C:/dev/MLDL/미니프로젝트/data/batch_8/000083.jpg,940,1325,1123,1420,Can
C:/dev/MLDL/미니프로젝트/data/batch_1/000128.JPG,1505,401,2048,968,Can
C:/dev/MLDL/미니프로젝트/data/batch_14/000079.jpg,1324,2005,2341,2865,Bottle
C:/dev/MLDL/미니프로젝트/data/batch_8/000014.jpg,1762,1115,1915,1472,Can
C:/dev/MLDL/미니프로젝트/data/batch_3/IMG_5054.JPG,2189,1827,2245,1865,Can
C:/dev/MLDL/미니프로젝트/data/batch_6/000037.JPG,1,1340,188,1433,Can
C:/dev/MLDL/미니프로젝트/data/batch_7/000022.JPG,902,1100,1528,1901,Bottle
C:/dev/MLDL/미니프로젝트/data/batch_7/000092.JPG,1063,1043,1614,1650,Can
C:/dev/MLDL/미니프로젝트/data/batch_6/000076.JPG,886,890,1110,1541,Bottle
C:/dev/MLDL/미니프로젝트/data/batch_8/000020.jpg,1051,464,1113,681,Bottle
C:/dev/MLDL/미니프로젝트/data/batch_12/000047.jpg,1504,1678,1645,1793,Bottle
C:/dev/MLDL/미니프로젝트/data/batch_6/000097.JPG,1450,1257,1918,1469,Bottle
C:/dev/MLDL/미니프로젝트/data/batch_5/000084.JPG,1344,1393,1908,1699,Bottle
C:/dev/MLDL/미니프로젝트/data/batch_11/000070.jpg,967,1882,2116,2235,Bottle
C:/dev/MLDL/미니프로젝트/data/batch_6/000015.JPG,1283,1556,1774,1774,Bottle
C:/dev/MLDL/미니프로젝트/data/batch_6/000065.JPG,1074,1401,1277,1702,Bottle
C:/dev/MLDL/미니프로젝트/data/batch_3/IMG_4860.JPG,431,1877,704,2186,Paper
C:/dev/MLDL/미니프로젝트/data/batch_14/000013.jpg,465,1150,4038,2342,Bottle
C:/dev/MLDL/미니프로젝트/data/batch_8/000014.jpg,2091,1198,2293,1527,Can
C:/dev/MLDL/미니프로젝트/data/batch_12/000034.jpg,909,732,1476,1251,Bottle
C:/dev/MLDL/미니프로젝트/data/batch_2/000059.JPG,820,1540,1113,1733,Paper
C:/dev/MLDL/미니프로젝트/data/batch_6/000008.JPG,1586,1644,2053,1968,Cup
C:/dev/MLDL/미니프로젝트/data/batch_5/000015.JPG,1065,1498,1225,1638,Cup
C:/dev/MLDL/미니프로젝트/data/batch_5/000114.JPG,1062,556,1596,879,Bottle
C:/dev/MLDL/미니프로젝트/data/batch_6/000077.JPG,1728,1668,1902,1810,Bottle
C:/dev/MLDL/미니프로젝트/data/batch_6/000027.JPG,950,1803,1484,2131,Cup
C:/dev/MLDL/미니프로젝트/data/batch_7/000085.JPG,101,310,185,460,Bottle
C:/dev/MLDL/미니프로젝트/data/batch_3/IMG_4950.JPG,239,565,555,762,Paper
C:/dev/MLDL/미니프로젝트/data/batch_9/000055.jpg,2312,1161,2442,1254,Cup
C:/dev/MLDL/미니프로젝트/data/batch_6/000080.JPG,737,1948,1214,2110,Bottle
C:/dev/MLDL/미니프로젝트/data/batch_6/000072.JPG,1565,321,1610,360,Cup
C:/dev/MLDL/미니프로젝트/data/batch_15/000077.jpg,918,449,1686,1326,Cup
C:/dev/MLDL/미니프로젝트/data/batch_1/000043.jpg,602,290,1467,1349,Can
C:/dev/MLDL/미니프로젝트/data/batch_7/000084.JPG,1136,1125,1331,1253,Cup
C:/dev/MLDL/미니프로젝트/data/batch_7/000044.JPG,868,1186,974,1275,Cup
C:/dev/MLDL/미니프로젝트/data/batch_2/000075.JPG,1104,881,1335,1168,Can
C:/dev/MLDL/미니프로젝트/data/batch_6/000072.JPG,2131,180,2179,213,Can
C:/dev/MLDL/미니프로젝트/data/batch_10/000015.jpg,1252,1523,1300,1549,Can
C:/dev/MLDL/미니프로젝트/data/batch_7/000075.JPG,1590,513,1757,646,Bottle
C:/dev/MLDL/미니프로젝트/data/batch_8/000012.jpg,964,1254,1364,1577,Bottle
C:/dev/MLDL/미니프로젝트/data/batch_10/000035.jpg,1007,1674,1104,1767,Paper
C:/dev/MLDL/미니프로젝트/data/batch_13/000094.jpg,727,821,3809,2258,Can
C:/dev/MLDL/미니프로젝트/data/batch_8/000014.jpg,932,1057,1086,1391,Can
C:/dev/MLDL/미니프로젝트/data/batch_6/000017.JPG,1042,368,1324,1095,Bottle
C:/dev/MLDL/미니프로젝트/data/batch_15/000032.jpg,1903,1211,2435,1662,Cup
C:/dev/MLDL/미니프로젝트/data/batch_2/000026.JPG,720,915,891,1054,Cup
C:/dev/MLDL/미니프로젝트/data/batch_8/000020.jpg,1422,595,1536,671,Can
C:/dev/MLDL/미니프로젝트/data/batch_8/000073.jpg,1877,736,2302,1174,Cup
C:/dev/MLDL/미니프로젝트/data/batch_6/000097.JPG,1570,1455,2082,1682,Bottle
C:/dev/MLDL/미니프로젝트/data/batch_15/000023.jpg,269,329,911,815,Paper
C:/dev/MLDL/미니프로젝트/data/batch_4/000042.JPG,167,1399,616,1739,Paper
C:/dev/MLDL/미니프로젝트/data/batch_10/000001.jpg,2577,423,2745,562,Bottle
C:/dev/MLDL/미니프로젝트/data/batch_6/000082.JPG,2302,1090,2384,1180,Can
C:/dev/MLDL/미니프로젝트/data/batch_7/000085.JPG,927,1786,1288,2017,Bottle
C:/dev/MLDL/미니프로젝트/data/batch_11/000042.jpg,1695,2584,2093,3075,Cup
C:/dev/MLDL/미니프로젝트/data/batch_3/IMG_4941.JPG,1603,1728,1760,1794,Bottle
C:/dev/MLDL/미니프로젝트/data/batch_1/000049.jpg,399,502,882,1243,Can
C:/dev/MLDL/미니프로젝트/data/batch_15/000000.jpg,569,2678,935,2874,Can
C:/dev/MLDL/미니프로젝트/data/batch_5/000012.JPG,1277,1590,1779,1931,Can
C:/dev/MLDL/미니프로젝트/data/batch_8/000014.jpg,1217,1155,1377,1459,Can
C:/dev/MLDL/미니프로젝트/data/batch_10/000011.jpg,2585,154,2797,876,Bottle
C:/dev/MLDL/미니프로젝트/data/batch_1/000054.jpg,605,259,984,1455,Bottle
C:/dev/MLDL/미니프로젝트/data/batch_8/000006.jpg,1254,768,1682,1203,Cup
C:/dev/MLDL/미니프로젝트/data/batch_13/000009.jpg,117,1580,503,2682,Bottle
C:/dev/MLDL/미니프로젝트/data/batch_9/000064.jpg,1481,1310,1672,1511,Cup
C:/dev/MLDL/미니프로젝트/data/batch_12/000043.jpg,2336,1337,2476,1493,Can
C:/dev/MLDL/미니프로젝트/data/batch_15/000076.jpg,53,826,397,1115,Paper
C:/dev/MLDL/미니프로젝트/data/batch_8/000014.jpg,1495,1071,1637,1391,Can
C:/dev/MLDL/미니프로젝트/data/batch_7/000118.JPG,1674,1217,1897,1484,Can
C:/dev/MLDL/미니프로젝트/data/batch_11/000088.jpg,1231,1759,1503,2006,Cup
C:/dev/MLDL/미니프로젝트/data/batch_7/000113.JPG,1537,1554,1718,1705,Bottle
C:/dev/MLDL/미니프로젝트/data/batch_5/000103.JPG,2107,1414,2344,1597,Can
C:/dev/MLDL/미니프로젝트/data/batch_7/000010.JPG,3830,1432,4155,1566,Bottle
C:/dev/MLDL/미니프로젝트/data/batch_15/000000.jpg,1349,47,1458,145,Can
C:/dev/MLDL/미니프로젝트/data/batch_6/000056.JPG,1254,412,1593,803,Bottle
C:/dev/MLDL/미니프로젝트/data/batch_7/000085.JPG,59,1072,224,1187,Bottle
C:/dev/MLDL/미니프로젝트/data/batch_2/000024.JPG,1055,1,1458,1616,Bottle
C:/dev/MLDL/미니프로젝트/data/batch_6/000052.JPG,956,1473,1110,1675,Cup
C:/dev/MLDL/미니프로젝트/data/batch_15/000015.jpg,2804,1366,2971,1423,Bottle
C:/dev/MLDL/미니프로젝트/data/batch_6/000056.JPG,2054,775,2580,1544,Bottle
C:/dev/MLDL/미니프로젝트/data/batch_8/000051.jpg,530,1457,740,1555,Bottle
C:/dev/MLDL/미니프로젝트/data/batch_2/000082.JPG,1270,1295,1480,1674,Bottle
C:/dev/MLDL/미니프로젝트/data/batch_15/000084.jpg,1059,699,1403,1893,Bottle
C:/dev/MLDL/미니프로젝트/data/batch_5/000030.JPG,1152,1563,1331,1862,Cup
C:/dev/MLDL/미니프로젝트/data/batch_12/000029.jpg,1606,1945,1776,2153,Paper
C:/dev/MLDL/미니프로젝트/data/batch_15/000004.jpg,1435,1924,1985,2246,Bottle
C:/dev/MLDL/미니프로젝트/data/batch_7/000044.JPG,837,1183,1296,1402,Bottle
C:/dev/MLDL/미니프로젝트/data/batch_5/000070.JPG,1230,1046,1411,1470,Bottle
C:/dev/MLDL/미니프로젝트/data/batch_7/000087.JPG,996,1550,1180,1758,Cup
C:/dev/MLDL/미니프로젝트/data/batch_6/000036.JPG,1242,1022,1336,1115,Bottle
C:/dev/MLDL/미니프로젝트/data/batch_13/000054.jpg,1016,2353,1284,2712,Can
C:/dev/MLDL/미니프로젝트/data/batch_5/000120.JPG,1246,1225,1537,1612,Cup
C:/dev/MLDL/미니프로젝트/data/batch_6/000099.JPG,1239,1495,1400,1650,Bottle
C:/dev/MLDL/미니프로젝트/data/batch_8/000061.jpg,562,801,659,995,Bottle
C:/dev/MLDL/미니프로젝트/data/batch_13/000026.jpg,1196,3,1799,575,Bottle
C:/dev/MLDL/미니프로젝트/data/batch_6/000057.JPG,2229,718,2475,1072,Can
C:/dev/MLDL/미니프로젝트/data/batch_9/000094.jpg,1459,1094,1691,1364,Bottle
C:/dev/MLDL/미니프로젝트/data/batch_3/IMG_4941.JPG,410,1930,620,2063,Paper
C:/dev/MLDL/미니프로젝트/data/batch_3/IMG_4893.JPG,1083,1815,1333,2366,Bottle
C:/dev/MLDL/미니프로젝트/data/batch_8/000051.jpg,1729,1598,2269,1826,Bottle
C:/dev/MLDL/미니프로젝트/data/batch_2/000059.JPG,1341,1390,1539,1651,Cup
C:/dev/MLDL/미니프로젝트/data/batch_2/000024.JPG,1340,166,1942,2374,Bottle
C:/dev/MLDL/미니프로젝트/data/batch_1/000026.jpg,556,944,1046,1280,Can
C:/dev/MLDL/미니프로젝트/data/batch_8/000033.jpg,888,710,1146,922,Bottle
C:/dev/MLDL/미니프로젝트/data/batch_2/000000.JPG,962,1152,1440,2023,Bottle
C:/dev/MLDL/미니프로젝트/data/batch_13/000002.jpg,1962,355,3835,2495,Paper
C:/dev/MLDL/미니프로젝트/data/batch_15/000056.jpg,1176,1375,1442,1729,Paper
C:/dev/MLDL/미니프로젝트/data/batch_3/IMG_4994.JPG,574,1397,924,1829,Cup
C:/dev/MLDL/미니프로젝트/data/batch_6/000032.JPG,2202,1638,2458,1739,Bottle
C:/dev/MLDL/미니프로젝트/data/batch_12/000044.jpg,1275,2425,1535,2762,Can
C:/dev/MLDL/미니프로젝트/data/batch_8/000069.jpg,2087,1079,2404,1535,Bottle
C:/dev/MLDL/미니프로젝트/data/batch_8/000023.jpg,2410,754,2493,813,Paper
C:/dev/MLDL/미니프로젝트/data/batch_6/000060.JPG,867,1265,1167,1871,Bottle
C:/dev/MLDL/미니프로젝트/data/batch_5/000028.JPG,1055,1724,1396,2385,Bottle
C:/dev/MLDL/미니프로젝트/data/batch_6/000074.JPG,1548,1298,2259,1673,Bottle
C:/dev/MLDL/미니프로젝트/data/batch_5/000012.JPG,825,1405,1128,1839,Can
C:/dev/MLDL/미니프로젝트/data/batch_10/000081.jpg,1807,673,2148,836,Bottle
C:/dev/MLDL/미니프로젝트/data/batch_6/000051.JPG,1123,836,1272,1281,Bottle
C:/dev/MLDL/미니프로젝트/data/batch_7/000043.JPG,1280,1001,1527,1179,Cup
C:/dev/MLDL/미니프로젝트/data/batch_14/000081.jpg,1031,1798,2805,2301,Bottle
C:/dev/MLDL/미니프로젝트/data/batch_2/000027.JPG,43,1291,326,1551,Can
C:/dev/MLDL/미니프로젝트/data/batch_5/000040.JPG,2054,988,2524,1360,Can
C:/dev/MLDL/미니프로젝트/data/batch_3/IMG_4969.JPG,737,1616,977,1687,Bottle
C:/dev/MLDL/미니프로젝트/data/batch_1/000007.jpg,730,126,1005,735,Can
C:/dev/MLDL/미니프로젝트/data/batch_8/000000.jpg,1509,1267,1578,1332,Paper
C:/dev/MLDL/미니프로젝트/data/batch_6/000028.JPG,1159,1753,1692,2142,Can
C:/dev/MLDL/미니프로젝트/data/batch_8/000072.jpg,2159,1838,2443,2121,Cup
C:/dev/MLDL/미니프로젝트/data/batch_1/000016.jpg,593,934,1025,1172,Bottle
C:/dev/MLDL/미니프로젝트/data/batch_9/000005.jpg,1198,1063,1643,1376,Bottle
C:/dev/MLDL/미니프로젝트/data/batch_7/000049.JPG,574,1389,659,1434,Paper
C:/dev/MLDL/미니프로젝트/data/batch_7/000096.JPG,1016,1352,1458,1537,Bottle
C:/dev/MLDL/미니프로젝트/data/batch_2/000009.JPG,584,679,1321,1768,Cup
C:/dev/MLDL/미니프로젝트/data/batch_4/000002.JPG,410,810,471,867,Cup
C:/dev/MLDL/미니프로젝트/data/batch_2/000064.JPG,0,1503,394,1883,Paper
C:/dev/MLDL/미니프로젝트/data/batch_15/000078.jpg,1104,1200,1478,1690,Bottle
C:/dev/MLDL/미니프로젝트/data/batch_9/000070.jpg,822,1317,1132,1458,Bottle
C:/dev/MLDL/미니프로젝트/data/batch_7/000078.JPG,1236,1809,1381,2251,Bottle
C:/dev/MLDL/미니프로젝트/data/batch_6/000001.JPG,1146,1450,1673,2177,Paper
C:/dev/MLDL/미니프로젝트/data/batch_3/IMG_5068.JPG,434,1217,834,1561,Paper
C:/dev/MLDL/미니프로젝트/data/batch_12/000098.jpg,1131,1170,3685,2580,Paper
C:/dev/MLDL/미니프로젝트/data/batch_8/000009.jpg,1076,1559,1348,1838,Can
C:/dev/MLDL/미니프로젝트/data/batch_2/000079.JPG,1083,1614,1283,1814,Bottle
C:/dev/MLDL/미니프로젝트/data/batch_9/000076.jpg,857,1155,1004,1540,Bottle
C:/dev/MLDL/미니프로젝트/data/batch_2/000029.JPG,1139,924,1456,1144,Can
C:/dev/MLDL/미니프로젝트/data/batch_4/000004.JPG,1903,1054,2287,1141,Paper
C:/dev/MLDL/미니프로젝트/data/batch_1/000011.jpg,522,1168,762,1290,Can
C:/dev/MLDL/미니프로젝트/data/batch_5/000016.JPG,1232,1628,1466,1960,Can
C:/dev/MLDL/미니프로젝트/data/batch_12/000045.jpg,1377,1499,1471,1631,Bottle
C:/dev/MLDL/미니프로젝트/data/batch_15/000042.jpg,1533,2213,1845,2546,Cup
C:/dev/MLDL/미니프로젝트/data/batch_3/IMG_4996.JPG,1099,1438,1396,2250,Bottle
C:/dev/MLDL/미니프로젝트/data/batch_6/000054.JPG,1442,1028,1637,1257,Cup
C:/dev/MLDL/미니프로젝트/data/batch_2/000082.JPG,2050,964,2236,1235,Bottle
C:/dev/MLDL/미니프로젝트/data/batch_8/000028.jpg,1152,463,1425,691,Can
C:/dev/MLDL/미니프로젝트/data/batch_8/000053.jpg,2376,1042,2405,1079,Paper
C:/dev/MLDL/미니프로젝트/data/batch_1/000038.jpg,238,686,639,1161,Can
C:/dev/MLDL/미니프로젝트/data/batch_7/000112.JPG,1628,1543,1753,1628,Bottle
C:/dev/MLDL/미니프로젝트/data/batch_1/000012.jpg,379,1127,804,1445,Bottle
C:/dev/MLDL/미니프로젝트/data/batch_15/000015.jpg,703,1417,823,1564,Bottle
C:/dev/MLDL/미니프로젝트/data/batch_6/000036.JPG,2198,992,2253,1049,Can
C:/dev/MLDL/미니프로젝트/data/batch_13/000086.jpg,990,628,2350,3048,Bottle
C:/dev/MLDL/미니프로젝트/data/batch_11/000040.jpg,2185,2563,2552,3019,Paper
C:/dev/MLDL/미니프로젝트/data/batch_10/000011.jpg,1903,738,2196,1264,Cup
C:/dev/MLDL/미니프로젝트/data/batch_6/000038.JPG,1403,1199,1582,1297,Bottle
C:/dev/MLDL/미니프로젝트/data/batch_5/000015.JPG,942,1624,1152,1712,Can
C:/dev/MLDL/미니프로젝트/data/batch_6/000072.JPG,1658,0,1720,55,Bottle
C:/dev/MLDL/미니프로젝트/data/batch_5/000051.JPG,865,1143,1218,1397,Can
C:/dev/MLDL/미니프로젝트/data/batch_14/000033.jpg,1440,2568,1656,2768,Cup
C:/dev/MLDL/미니프로젝트/data/batch_7/000033.JPG,733,889,1160,1150,Cup
C:/dev/MLDL/미니프로젝트/data/batch_10/000000.jpg,1370,1291,1750,1441,Bottle
C:/dev/MLDL/미니프로젝트/data/batch_15/000056.jpg,706,478,1976,1365,Bottle
C:/dev/MLDL/미니프로젝트/data/batch_12/000026.jpg,1365,1944,1665,2220,Cup
C:/dev/MLDL/미니프로젝트/data/batch_15/000019.jpg,588,770,782,852,Bottle
C:/dev/MLDL/미니프로젝트/data/batch_2/000034.JPG,669,536,820,1011,Bottle
C:/dev/MLDL/미니프로젝트/data/batch_5/000015.JPG,1132,1522,1318,1609,Can
C:/dev/MLDL/미니프로젝트/data/batch_6/000029.JPG,1512,1267,1966,1485,Bottle
C:/dev/MLDL/미니프로젝트/data/batch_6/000045.JPG,624,1322,849,1920,Bottle
C:/dev/MLDL/미니프로젝트/data/batch_1/000117.JPG,1555,799,1950,1301,Cup
C:/dev/MLDL/미니프로젝트/data/batch_7/000111.JPG,1529,1554,1812,1842,Cup
C:/dev/MLDL/미니프로젝트/data/batch_1/000059.jpg,975,221,1536,547,Paper
C:/dev/MLDL/미니프로젝트/data/batch_7/000114.JPG,1639,1308,1788,1434,Can
C:/dev/MLDL/미니프로젝트/data/batch_5/000049.JPG,1538,2113,1804,2423,Cup
C:/dev/MLDL/미니프로젝트/data/batch_15/000084.jpg,1570,1215,2148,1641,Paper
C:/dev/MLDL/미니프로젝트/data/batch_15/000000.jpg,1146,347,1309,517,Can
C:/dev/MLDL/미니프로젝트/data/batch_1/000037.jpg,709,271,1005,753,Can
C:/dev/MLDL/미니프로젝트/data/batch_14/000037.jpg,988,1551,2015,2793,Bottle
C:/dev/MLDL/미니프로젝트/data/batch_12/000091.jpg,41,665,1514,2190,Cup
C:/dev/MLDL/미니프로젝트/data/batch_3/IMG_4948.JPG,1403,1308,1531,1554,Bottle
C:/dev/MLDL/미니프로젝트/data/batch_12/000090.jpg,3205,1321,3669,2052,Bottle
C:/dev/MLDL/미니프로젝트/data/batch_10/000075.jpg,913,1658,961,1720,Bottle
C:/dev/MLDL/미니프로젝트/data/batch_2/000086.JPG,1329,720,1679,887,Can
C:/dev/MLDL/미니프로젝트/data/batch_7/000079.JPG,1003,1762,1367,1905,Bottle
C:/dev/MLDL/미니프로젝트/data/batch_6/000042.JPG,792,1333,992,1564,Cup
C:/dev/MLDL/미니프로젝트/data/batch_8/000053.jpg,2140,1088,2282,1137,Bottle
C:/dev/MLDL/미니프로젝트/data/batch_5/000096.JPG,1668,1068,2107,1420,Cup
C:/dev/MLDL/미니프로젝트/data/batch_7/000047.JPG,1258,1457,1545,1585,Paper
C:/dev/MLDL/미니프로젝트/data/batch_10/000091.jpg,978,1392,1116,1513,Paper
C:/dev/MLDL/미니프로젝트/data/batch_10/000014.jpg,2335,853,2544,921,Bottle
C:/dev/MLDL/미니프로젝트/data/batch_3/IMG_4996.JPG,800,145,1431,516,Can
C:/dev/MLDL/미니프로젝트/data/batch_2/000017.JPG,814,1873,1155,2297,Paper
C:/dev/MLDL/미니프로젝트/data/batch_6/000085.JPG,639,1417,1186,1947,Bottle
C:/dev/MLDL/미니프로젝트/data/batch_8/000066.jpg,808,1671,1098,2062,Can
C:/dev/MLDL/미니프로젝트/data/batch_15/000015.jpg,2920,1124,2994,1183,Bottle
C:/dev/MLDL/미니프로젝트/data/batch_1/000038.jpg,802,410,1215,754,Can
C:/dev/MLDL/미니프로젝트/data/batch_6/000072.JPG,1259,900,1298,977,Bottle
C:/dev/MLDL/미니프로젝트/data/batch_6/000104.JPG,501,908,1131,1489,Bottle
C:/dev/MLDL/미니프로젝트/data/batch_8/000059.jpg,592,662,702,745,Can
C:/dev/MLDL/미니프로젝트/data/batch_6/000078.JPG,1775,939,1993,1019,Bottle
C:/dev/MLDL/미니프로젝트/data/batch_2/000059.JPG,1115,1904,1358,2127,Cup
C:/dev/MLDL/미니프로젝트/data/batch_6/000058.JPG,865,649,1561,1360,Bottle
C:/dev/MLDL/미니프로젝트/data/batch_8/000023.jpg,375,681,484,775,Bottle
C:/dev/MLDL/미니프로젝트/data/batch_5/000071.JPG,1282,1981,1793,2375,Bottle
C:/dev/MLDL/미니프로젝트/data/batch_8/000041.jpg,1129,735,1486,1033,Bottle
C:/dev/MLDL/미니프로젝트/data/batch_1/000042.jpg,1179,662,1465,927,Can
C:/dev/MLDL/미니프로젝트/data/batch_13/000036.jpg,2781,1425,3041,1984,Bottle
C:/dev/MLDL/미니프로젝트/data/batch_12/000039.jpg,669,18,1288,475,Paper
C:/dev/MLDL/미니프로젝트/data/batch_14/000036.jpg,815,1508,1663,2183,Can
C:/dev/MLDL/미니프로젝트/data/batch_6/000040.JPG,1912,1280,1939,1301,Can
C:/dev/MLDL/미니프로젝트/data/batch_6/000015.JPG,1142,1801,1390,2039,Cup
C:/dev/MLDL/미니프로젝트/data/batch_6/000037.JPG,1616,705,1877,953,Bottle
C:/dev/MLDL/미니프로젝트/data/batch_5/000035.JPG,1557,1660,1766,1966,Cup
C:/dev/MLDL/미니프로젝트/data/batch_6/000013.JPG,971,703,1213,965,Can
C:/dev/MLDL/미니프로젝트/data/batch_10/000003.jpg,516,377,764,555,Bottle
C:/dev/MLDL/미니프로젝트/data/batch_12/000026.jpg,1592,1933,1691,2175,Cup
C:/dev/MLDL/미니프로젝트/data/batch_15/000037.jpg,1114,2016,1412,2306,Cup
C:/dev/MLDL/미니프로젝트/data/batch_3/IMG_4963.JPG,1327,1254,1620,1493,Bottle
C:/dev/MLDL/미니프로젝트/data/batch_6/000017.JPG,389,580,1087,836,Bottle
C:/dev/MLDL/미니프로젝트/data/batch_7/000082.JPG,886,1343,1151,1563,Bottle
C:/dev/MLDL/미니프로젝트/data/batch_1/000019.jpg,589,548,930,953,Can
C:/dev/MLDL/미니프로젝트/data/batch_14/000081.jpg,2002,1950,3022,3014,Bottle
C:/dev/MLDL/미니프로젝트/data/batch_15/000028.jpg,436,880,665,1096,Paper
C:/dev/MLDL/미니프로젝트/data/batch_3/IMG_4977.JPG,1155,1733,1416,1998,Can
C:/dev/MLDL/미니프로젝트/data/batch_7/000053.JPG,1782,1397,1923,1620,Cup
C:/dev/MLDL/미니프로젝트/data/batch_13/000045.jpg,745,943,1261,1879,Can
C:/dev/MLDL/미니프로젝트/data/batch_1/000010.jpg,632,987,1132,1361,Bottle
C:/dev/MLDL/미니프로젝트/data/batch_5/000015.JPG,949,1536,1035,1631,Can
C:/dev/MLDL/미니프로젝트/data/batch_2/000049.JPG,669,1067,810,1100,Can
C:/dev/MLDL/미니프로젝트/data/batch_6/000006.JPG,1313,1144,1538,1291,Bottle
C:/dev/MLDL/미니프로젝트/data/batch_6/000072.JPG,1116,1743,1182,1831,Bottle
C:/dev/MLDL/미니프로젝트/data/batch_13/000054.jpg,1168,2142,1506,2425,Can
C:/dev/MLDL/미니프로젝트/data/batch_10/000091.jpg,2214,1255,2643,1499,Bottle
C:/dev/MLDL/미니프로젝트/data/batch_1/000045.jpg,0,452,437,956,Can
C:/dev/MLDL/미니프로젝트/data/batch_5/000049.JPG,1966,171,2131,334,Cup
C:/dev/MLDL/미니프로젝트/data/batch_2/000007.JPG,1197,1672,1390,1947,Can
C:/dev/MLDL/미니프로젝트/data/batch_6/000036.JPG,1363,1078,1429,1159,Bottle
C:/dev/MLDL/미니프로젝트/data/batch_2/000018.JPG,989,733,1113,783,Bottle
C:/dev/MLDL/미니프로젝트/data/batch_11/000052.jpg,1204,1795,2071,2558,Cup
C:/dev/MLDL/미니프로젝트/data/batch_7/000065.JPG,2292,868,2404,943,Bottle
C:/dev/MLDL/미니프로젝트/data/batch_5/000111.JPG,804,1987,1114,2198,Bottle
C:/dev/MLDL/미니프로젝트/data/batch_8/000047.jpg,695,1224,1122,1384,Bottle
C:/dev/MLDL/미니프로젝트/data/batch_2/000033.JPG,704,1692,890,1857,Can
C:/dev/MLDL/미니프로젝트/data/batch_3/IMG_4950.JPG,904,988,1223,1318,Paper
C:/dev/MLDL/미니프로젝트/data/batch_1/000073.JPG,940,837,1432,1548,Can
C:/dev/MLDL/미니프로젝트/data/batch_2/000019.JPG,1633,920,1742,961,Bottle
C:/dev/MLDL/미니프로젝트/data/batch_7/000022.JPG,2736,1398,3104,1745,Paper
C:/dev/MLDL/미니프로젝트/data/batch_13/000054.jpg,2548,905,2955,1251,Can
C:/dev/MLDL/미니프로젝트/data/batch_3/IMG_4978.JPG,1088,1045,1408,1638,Can
C:/dev/MLDL/미니프로젝트/data/batch_6/000057.JPG,671,703,942,1371,Can
C:/dev/MLDL/미니프로젝트/data/batch_14/000016.jpg,955,286,2804,2744,Paper
C:/dev/MLDL/미니프로젝트/data/batch_7/000013.JPG,1663,915,2399,1400,Paper
C:/dev/MLDL/미니프로젝트/data/batch_1/000111.JPG,434,1871,621,2152,Can
C:/dev/MLDL/미니프로젝트/data/batch_12/000076.jpg,1737,1019,3148,1800,Can
C:/dev/MLDL/미니프로젝트/data/batch_1/000024.jpg,634,860,861,1092,Can
C:/dev/MLDL/미니프로젝트/data/batch_2/000046.JPG,1000,1594,1215,1688,Can
C:/dev/MLDL/미니프로젝트/data/batch_1/000025.jpg,323,1055,810,1407,Can
C:/dev/MLDL/미니프로젝트/data/batch_5/000101.JPG,1460,659,1774,1283,Bottle
C:/dev/MLDL/미니프로젝트/data/batch_11/000090.jpg,1249,923,2692,1581,Bottle
C:/dev/MLDL/미니프로젝트/data/batch_1/000062.JPG,1113,411,1218,591,Paper
C:/dev/MLDL/미니프로젝트/data/batch_9/000001.jpg,2333,913,2733,1362,Can
C:/dev/MLDL/미니프로젝트/data/batch_9/000089.jpg,743,1521,789,1551,Bottle
C:/dev/MLDL/미니프로젝트/data/batch_4/000032.JPG,691,2114,1162,2372,Paper
C:/dev/MLDL/미니프로젝트/data/batch_9/000076.jpg,668,1256,780,1514,Paper
C:/dev/MLDL/미니프로젝트/data/batch_1/000084.JPG,1090,411,1260,559,Can
C:/dev/MLDL/미니프로젝트/data/batch_1/000088.JPG,829,2,2025,1269,Paper
C:/dev/MLDL/미니프로젝트/data/batch_8/000008.jpg,1357,1141,1740,1737,Can
C:/dev/MLDL/미니프로젝트/data/batch_8/000025.jpg,1778,550,2151,1004,Cup
C:/dev/MLDL/미니프로젝트/data/batch_5/000002.JPG,1410,1275,1646,1516,Can
C:/dev/MLDL/미니프로젝트/data/batch_5/000048.JPG,880,968,983,1203,Bottle
C:/dev/MLDL/미니프로젝트/data/batch_9/000008.jpg,82,1214,685,1480,Bottle
C:/dev/MLDL/미니프로젝트/data/batch_3/IMG_5056.JPG,919,1548,1306,1940,Cup
C:/dev/MLDL/미니프로젝트/data/batch_8/000076.jpg,675,1810,979,1965,Bottle
C:/dev/MLDL/미니프로젝트/data/batch_15/000006.jpg,1192,1561,1436,1810,Cup
C:/dev/MLDL/미니프로젝트/data/batch_5/000117.JPG,829,1665,1515,2118,Paper
C:/dev/MLDL/미니프로젝트/data/batch_2/000039.JPG,1069,1403,1271,1623,Can
C:/dev/MLDL/미니프로젝트/data/batch_9/000065.jpg,833,1392,1090,1719,Cup
C:/dev/MLDL/미니프로젝트/data/batch_14/000094.jpg,1200,2518,1367,2726,Can
C:/dev/MLDL/미니프로젝트/data/batch_14/000015.jpg,2587,2052,3870,3101,Bottle
C:/dev/MLDL/미니프로젝트/data/batch_3/IMG_4941.JPG,1063,1455,1269,1569,Bottle
C:/dev/MLDL/미니프로젝트/data/batch_5/000108.JPG,1334,1064,1554,1217,Cup
C:/dev/MLDL/미니프로젝트/data/batch_6/000036.JPG,1339,987,1416,1069,Can
C:/dev/MLDL/미니프로젝트/data/batch_1/000129.JPG,618,1224,867,1466,Can
C:/dev/MLDL/미니프로젝트/data/batch_6/000034.JPG,1625,503,1993,898,Bottle
C:/dev/MLDL/미니프로젝트/data/batch_9/000008.jpg,1137,1217,1742,1675,Bottle
C:/dev/MLDL/미니프로젝트/data/batch_12/000043.jpg,746,2233,1014,2447,Can
C:/dev/MLDL/미니프로젝트/data/batch_12/000020.jpg,1552,2516,1971,2911,Cup
C:/dev/MLDL/미니프로젝트/data/batch_2/000047.JPG,1712,423,1802,506,Can
C:/dev/MLDL/미니프로젝트/data/batch_6/000083.JPG,738,2047,936,2226,Bottle
C:/dev/MLDL/미니프로젝트/data/batch_5/000060.JPG,1360,1304,1632,1481,Cup
C:/dev/MLDL/미니프로젝트/data/batch_9/000088.jpg,1559,1088,1665,1161,Paper
C:/dev/MLDL/미니프로젝트/data/batch_7/000114.JPG,1767,1397,2015,1588,Can
C:/dev/MLDL/미니프로젝트/data/batch_15/000035.jpg,1329,2055,1922,2691,Can
C:/dev/MLDL/미니프로젝트/data/batch_10/000011.jpg,2360,426,2554,716,Cup
C:/dev/MLDL/미니프로젝트/data/batch_7/000022.JPG,458,1449,1237,1922,Bottle
C:/dev/MLDL/미니프로젝트/data/batch_6/000069.JPG,2476,2007,2748,2335,Bottle
C:/dev/MLDL/미니프로젝트/data/batch_15/000049.jpg,1531,999,2356,3016,Bottle
C:/dev/MLDL/미니프로젝트/data/batch_7/000109.JPG,1884,942,2046,1281,Bottle
C:/dev/MLDL/미니프로젝트/data/batch_10/000011.jpg,2331,487,2548,1021,Bottle
C:/dev/MLDL/미니프로젝트/data/batch_8/000026.jpg,1316,775,1557,1053,Cup
C:/dev/MLDL/미니프로젝트/data/batch_13/000054.jpg,1842,1695,2181,2056,Can
C:/dev/MLDL/미니프로젝트/data/batch_6/000037.JPG,883,1050,1108,1193,Bottle
C:/dev/MLDL/미니프로젝트/data/batch_11/000019.jpg,2689,1780,3151,2060,Bottle
C:/dev/MLDL/미니프로젝트/data/batch_14/000002.jpg,1080,97,3588,2389,Cup
C:/dev/MLDL/미니프로젝트/data/batch_7/000031.JPG,373,1047,1812,2436,Cup
C:/dev/MLDL/미니프로젝트/data/batch_8/000035.jpg,190,1297,402,1499,Bottle
C:/dev/MLDL/미니프로젝트/data/batch_3/IMG_5068.JPG,486,1423,941,1736,Paper
C:/dev/MLDL/미니프로젝트/data/batch_9/000008.jpg,0,1129,155,1245,Bottle
C:/dev/MLDL/미니프로젝트/data/batch_7/000095.JPG,919,1627,1224,1805,Can
C:/dev/MLDL/미니프로젝트/data/batch_6/000019.JPG,950,804,1854,1408,Bottle
C:/dev/MLDL/미니프로젝트/data/batch_1/000037.jpg,494,531,866,1064,Can
C:/dev/MLDL/미니프로젝트/data/batch_8/000015.jpg,2330,862,2404,905,Can
C:/dev/MLDL/미니프로젝트/data/batch_13/000043.jpg,1199,657,2019,2432,Bottle
C:/dev/MLDL/미니프로젝트/data/batch_1/000062.JPG,870,673,1490,1059,Can
C:/dev/MLDL/미니프로젝트/data/batch_12/000084.jpg,2424,2284,2673,2702,Bottle
C:/dev/MLDL/미니프로젝트/data/batch_7/000087.JPG,1772,1345,2093,1508,Bottle
C:/dev/MLDL/미니프로젝트/data/batch_6/000038.JPG,850,817,908,877,Bottle
C:/dev/MLDL/미니프로젝트/data/batch_4/000002.JPG,1756,1416,1823,1479,Cup
C:/dev/MLDL/미니프로젝트/data/batch_6/000099.JPG,1451,1565,1582,1700,Bottle
C:/dev/MLDL/미니프로젝트/data/batch_10/000011.jpg,2933,553,3098,665,Paper
C:/dev/MLDL/미니프로젝트/data/batch_8/000004.jpg,1851,721,2143,954,Bottle
C:/dev/MLDL/미니프로젝트/data/batch_13/000054.jpg,815,2150,1166,2348,Can
C:/dev/MLDL/미니프로젝트/data/batch_12/000049.jpg,1272,1706,1668,2223,Cup
C:/dev/MLDL/미니프로젝트/data/batch_9/000065.jpg,669,458,877,584,Paper
C:/dev/MLDL/미니프로젝트/data/batch_2/000037.JPG,1161,1532,1313,1852,Bottle
C:/dev/MLDL/미니프로젝트/data/batch_8/000083.jpg,1048,2015,1227,2250,Bottle
C:/dev/MLDL/미니프로젝트/data/batch_10/000096.jpg,1084,1600,1317,1790,Cup
C:/dev/MLDL/미니프로젝트/data/batch_2/000042.JPG,954,1910,1242,2294,Can
C:/dev/MLDL/미니프로젝트/data/batch_13/000056.jpg,1522,883,2060,1826,Cup
C:/dev/MLDL/미니프로젝트/data/batch_4/000032.JPG,805,1839,1114,2408,Bottle
C:/dev/MLDL/미니프로젝트/data/batch_1/000127.JPG,768,1254,1730,1929,Can
C:/dev/MLDL/미니프로젝트/data/batch_7/000093.JPG,987,1147,1362,1453,Cup
C:/dev/MLDL/미니프로젝트/data/batch_6/000058.JPG,427,296,1299,631,Bottle
C:/dev/MLDL/미니프로젝트/data/batch_13/000054.jpg,1308,2413,1634,2754,Can
C:/dev/MLDL/미니프로젝트/data/batch_7/000062.JPG,1564,911,1745,1094,Bottle
C:/dev/MLDL/미니프로젝트/data/batch_8/000000.jpg,1635,931,1842,1059,Cup
C:/dev/MLDL/미니프로젝트/data/batch_8/000011.jpg,1039,1681,1197,2193,Bottle
C:/dev/MLDL/미니프로젝트/data/batch_15/000013.jpg,790,2243,1307,2784,Can
C:/dev/MLDL/미니프로젝트/data/batch_11/000094.jpg,596,1646,1965,2650,Paper
C:/dev/MLDL/미니프로젝트/data/batch_5/000052.JPG,1517,976,1603,1212,Bottle
C:/dev/MLDL/미니프로젝트/data/batch_11/000037.jpg,2311,1872,2850,2144,Paper
C:/dev/MLDL/미니프로젝트/data/batch_5/000015.JPG,1125,1571,1335,1676,Can
C:/dev/MLDL/미니프로젝트/data/batch_1/000127.JPG,434,84,725,272,Paper
C:/dev/MLDL/미니프로젝트/data/batch_8/000007.jpg,883,871,2110,1894,Bottle
C:/dev/MLDL/미니프로젝트/data/batch_7/000049.JPG,1652,518,1755,578,Paper
C:/dev/MLDL/미니프로젝트/data/batch_2/000043.JPG,1264,1228,1425,1418,Can
C:/dev/MLDL/미니프로젝트/data/batch_14/000039.jpg,852,1713,2058,2836,Bottle
C:/dev/MLDL/미니프로젝트/data/batch_12/000074.jpg,2346,228,2637,427,Cup
C:/dev/MLDL/미니프로젝트/data/batch_5/000063.JPG,992,1266,1229,1471,Paper
C:/dev/MLDL/미니프로젝트/data/batch_12/000047.jpg,1450,964,1512,1150,Bottle
C:/dev/MLDL/미니프로젝트/data/batch_8/000014.jpg,1184,1451,1511,1584,Can
C:/dev/MLDL/미니프로젝트/data/batch_7/000077.JPG,618,1456,782,1738,Bottle
C:/dev/MLDL/미니프로젝트/data/batch_5/000000.JPG,1001,1872,1190,2114,Cup
C:/dev/MLDL/미니프로젝트/data/batch_8/000029.jpg,1297,420,1445,698,Can
C:/dev/MLDL/미니프로젝트/data/batch_3/IMG_4969.JPG,770,1267,814,1359,Bottle
C:/dev/MLDL/미니프로젝트/data/batch_15/000065.jpg,1861,1405,2415,2114,Can
C:/dev/MLDL/미니프로젝트/data/batch_5/000005.JPG,1396,1136,2081,1818,Cup
C:/dev/MLDL/미니프로젝트/data/batch_7/000085.JPG,546,2181,587,2233,Paper
C:/dev/MLDL/미니프로젝트/data/batch_6/000078.JPG,334,735,526,853,Bottle
C:/dev/MLDL/미니프로젝트/data/batch_10/000002.jpg,1224,994,1630,1194,Bottle
C:/dev/MLDL/미니프로젝트/data/batch_3/IMG_5050.JPG,890,676,1344,2441,Can
C:/dev/MLDL/미니프로젝트/data/batch_2/000041.JPG,1558,1781,1707,1987,Can
C:/dev/MLDL/미니프로젝트/data/batch_6/000057.JPG,1041,639,1292,1010,Can
C:/dev/MLDL/미니프로젝트/data/batch_6/000057.JPG,412,1065,557,1334,Can
C:/dev/MLDL/미니프로젝트/data/batch_10/000003.jpg,665,313,910,504,Bottle
C:/dev/MLDL/미니프로젝트/data/batch_11/000098.jpg,1204,1899,2181,2464,Bottle
C:/dev/MLDL/미니프로젝트/data/batch_3/IMG_4941.JPG,542,1894,846,2054,Paper
C:/dev/MLDL/미니프로젝트/data/batch_13/000054.jpg,3500,1269,3788,1704,Can
C:/dev/MLDL/미니프로젝트/data/batch_8/000097.jpg,657,1018,986,1251,Can
C:/dev/MLDL/미니프로젝트/data/batch_1/000053.jpg,398,410,1532,1408,Bottle
C:/dev/MLDL/미니프로젝트/data/batch_3/IMG_4860.JPG,597,1834,904,2082,Paper
C:/dev/MLDL/미니프로젝트/data/batch_7/000085.JPG,433,1065,584,1172,Bottle
C:/dev/MLDL/미니프로젝트/data/batch_6/000069.JPG,999,586,1607,900,Bottle
C:/dev/MLDL/미니프로젝트/data/batch_5/000072.JPG,1463,682,1987,1148,Bottle
C:/dev/MLDL/미니프로젝트/data/batch_15/000062.jpg,624,121,948,214,Bottle
C:/dev/MLDL/미니프로젝트/data/batch_1/000006.jpg,517,127,964,1449,Bottle
C:/dev/MLDL/미니프로젝트/data/batch_6/000099.JPG,1403,1435,1533,1573,Can
C:/dev/MLDL/미니프로젝트/data/batch_10/000034.jpg,852,157,974,206,Paper
C:/dev/MLDL/미니프로젝트/data/batch_1/000098.JPG,571,985,1018,1799,Bottle
C:/dev/MLDL/미니프로젝트/data/batch_3/IMG_4948.JPG,240,1431,392,1683,Bottle
C:/dev/MLDL/미니프로젝트/data/batch_11/000099.jpg,1483,2475,1867,2909,Bottle
C:/dev/MLDL/미니프로젝트/data/batch_3/IMG_5068.JPG,838,865,1350,1448,Paper
C:/dev/MLDL/미니프로젝트/data/batch_3/IMG_4922.JPG,1189,1323,1526,1765,Cup
C:/dev/MLDL/미니프로젝트/data/batch_7/000079.JPG,858,1707,1025,1832,Cup
C:/dev/MLDL/미니프로젝트/data/batch_8/000023.jpg,2636,257,2713,292,Paper
C:/dev/MLDL/미니프로젝트/data/batch_2/000049.JPG,2700,986,2771,1018,Bottle
C:/dev/MLDL/미니프로젝트/data/batch_6/000000.JPG,930,1697,1154,1874,Cup
C:/dev/MLDL/미니프로젝트/data/batch_10/000011.jpg,1937,500,2169,753,Cup
C:/dev/MLDL/미니프로젝트/data/batch_10/000011.jpg,2691,567,2952,1187,Bottle
C:/dev/MLDL/미니프로젝트/data/batch_2/000049.JPG,870,1049,951,1090,Can
C:/dev/MLDL/미니프로젝트/data/batch_3/IMG_4932.JPG,943,1186,1075,1438,Bottle
C:/dev/MLDL/미니프로젝트/data/batch_6/000099.JPG,1137,1665,1530,1912,Bottle
C:/dev/MLDL/미니프로젝트/data/batch_9/000097.jpg,776,355,1007,946,Bottle
C:/dev/MLDL/미니프로젝트/data/batch_6/000102.JPG,1395,1845,1596,1952,Bottle
C:/dev/MLDL/미니프로젝트/data/batch_6/000072.JPG,1411,985,1444,1073,Bottle
C:/dev/MLDL/미니프로젝트/data/batch_1/000074.JPG,1205,1905,1416,2176,Cup
C:/dev/MLDL/미니프로젝트/data/batch_9/000088.jpg,1413,1024,1497,1122,Paper
C:/dev/MLDL/미니프로젝트/data/batch_2/000049.JPG,2348,969,2503,1033,Bottle
C:/dev/MLDL/미니프로젝트/data/batch_2/000049.JPG,3011,974,3090,1019,Can
C:/dev/MLDL/미니프로젝트/data/batch_8/000035.jpg,896,1983,1565,2325,Bottle
C:/dev/MLDL/미니프로젝트/data/batch_14/000021.jpg,1175,1930,1525,2172,Can
C:/dev/MLDL/미니프로젝트/data/batch_12/000029.jpg,2826,2733,2987,2884,Paper
C:/dev/MLDL/미니프로젝트/data/batch_15/000076.jpg,114,524,359,769,Cup
C:/dev/MLDL/미니프로젝트/data/batch_6/000065.JPG,940,1488,1089,1794,Bottle
C:/dev/MLDL/미니프로젝트/data/batch_10/000015.jpg,1189,1508,1233,1545,Can
C:/dev/MLDL/미니프로젝트/data/batch_2/000049.JPG,1198,990,1422,1078,Bottle
C:/dev/MLDL/미니프로젝트/data/batch_12/000054.jpg,978,1615,1960,2408,Cup
C:/dev/MLDL/미니프로젝트/data/batch_8/000027.jpg,1044,1469,1254,1775,Bottle
C:/dev/MLDL/미니프로젝트/data/batch_12/000022.jpg,1045,1893,1828,2743,Cup
C:/dev/MLDL/미니프로젝트/data/batch_1/000115.JPG,2278,759,2735,972,Can
C:/dev/MLDL/미니프로젝트/data/batch_6/000036.JPG,1176,1170,1381,1289,Bottle
C:/dev/MLDL/미니프로젝트/data/batch_4/000082.JPG,708,1109,942,1331,Cup
C:/dev/MLDL/미니프로젝트/data/batch_5/000083.JPG,1638,972,2036,1077,Bottle
C:/dev/MLDL/미니프로젝트/data/batch_14/000098.jpg,1408,2034,1637,2206,Cup
C:/dev/MLDL/미니프로젝트/data/batch_6/000057.JPG,725,847,1033,1371,Can
C:/dev/MLDL/미니프로젝트/data/batch_3/IMG_4919.JPG,1117,2163,1419,2296,Can
C:/dev/MLDL/미니프로젝트/data/batch_12/000091.jpg,2778,655,4156,2025,Cup
C:/dev/MLDL/미니프로젝트/data/batch_12/000084.jpg,136,2970,370,3112,Can
C:/dev/MLDL/미니프로젝트/data/batch_1/000100.JPG,930,615,1636,1324,Cup
C:/dev/MLDL/미니프로젝트/data/batch_2/000076.JPG,1600,924,2069,1507,Bottle
C:/dev/MLDL/미니프로젝트/data/batch_15/000019.jpg,756,664,836,734,Cup
C:/dev/MLDL/미니프로젝트/data/batch_13/000054.jpg,2360,1061,2646,1453,Can
C:/dev/MLDL/미니프로젝트/data/batch_1/000003.jpg,714,1093,948,1330,Cup
C:/dev/MLDL/미니프로젝트/data/batch_12/000028.jpg,440,1792,657,2025,Paper
C:/dev/MLDL/미니프로젝트/data/batch_13/000054.jpg,2013,2236,2266,2618,Can
C:/dev/MLDL/미니프로젝트/data/batch_7/000047.JPG,1178,1425,1397,1598,Bottle
C:/dev/MLDL/미니프로젝트/data/batch_8/000021.jpg,1986,1011,2211,1296,Bottle
C:/dev/MLDL/미니프로젝트/data/batch_4/000039.JPG,624,1087,1420,1425,Cup
C:/dev/MLDL/미니프로젝트/data/batch_12/000019.jpg,1020,2237,1612,2779,Bottle
C:/dev/MLDL/미니프로젝트/data/batch_3/IMG_4941.JPG,3022,1673,3169,1725,Bottle
C:/dev/MLDL/미니프로젝트/data/batch_15/000029.jpg,100,204,333,444,Paper
C:/dev/MLDL/미니프로젝트/data/batch_8/000031.jpg,1326,1056,1651,1387,Bottle
C:/dev/MLDL/미니프로젝트/data/batch_2/000098.JPG,1031,1093,1230,1195,Can
C:/dev/MLDL/미니프로젝트/data/batch_7/000085.JPG,407,874,530,1023,Bottle
C:/dev/MLDL/미니프로젝트/data/batch_6/000090.JPG,710,1624,918,1814,Bottle
C:/dev/MLDL/미니프로젝트/data/batch_3/IMG_4997.JPG,1298,918,1429,1021,Can
C:/dev/MLDL/미니프로젝트/data/batch_9/000051.jpg,1282,1042,1377,1331,Bottle
C:/dev/MLDL/미니프로젝트/data/batch_6/000057.JPG,2422,819,2551,1020,Can
C:/dev/MLDL/미니프로젝트/data/batch_6/000057.JPG,441,1185,694,2051,Bottle
C:/dev/MLDL/미니프로젝트/data/batch_3/IMG_4969.JPG,1293,1028,1339,1067,Bottle
C:/dev/MLDL/미니프로젝트/data/batch_5/000037.JPG,315,588,872,1080,Paper
C:/dev/MLDL/미니프로젝트/data/batch_12/000052.jpg,1011,1589,1835,2371,Cup
C:/dev/MLDL/미니프로젝트/data/batch_14/000079.jpg,1074,1449,1643,2157,Can
C:/dev/MLDL/미니프로젝트/data/batch_8/000030.jpg,1210,911,1374,1261,Bottle
C:/dev/MLDL/미니프로젝트/data/batch_9/000087.jpg,197,1527,355,1682,Paper
C:/dev/MLDL/미니프로젝트/data/batch_15/000017.jpg,1206,1590,1439,2274,Bottle
C:/dev/MLDL/미니프로젝트/data/batch_6/000015.JPG,1665,1362,2154,1806,Bottle
C:/dev/MLDL/미니프로젝트/data/batch_14/000094.jpg,1631,1972,1995,2408,Bottle
C:/dev/MLDL/미니프로젝트/data/batch_8/000045.jpg,1224,1334,1413,1399,Bottle
C:/dev/MLDL/미니프로젝트/data/batch_6/000029.JPG,1616,1474,2121,1683,Bottle
C:/dev/MLDL/미니프로젝트/data/batch_7/000085.JPG,1064,737,1260,818,Bottle
C:/dev/MLDL/미니프로젝트/data/batch_3/IMG_4967.JPG,961,1657,1092,1849,Cup
C:/dev/MLDL/미니프로젝트/data/batch_1/000101.JPG,439,1055,1884,2428,Cup
C:/dev/MLDL/미니프로젝트/data/batch_3/IMG_4868.JPG,712,363,1404,1510,Can
C:/dev/MLDL/미니프로젝트/data/batch_1/000072.JPG,1,1413,815,2443,Paper
C:/dev/MLDL/미니프로젝트/data/batch_15/000000.jpg,1249,11,1348,182,Can
C:/dev/MLDL/미니프로젝트/data/batch_7/000048.JPG,1133,1863,1334,2035,Cup
C:/dev/MLDL/미니프로젝트/data/batch_15/000015.jpg,1210,1013,1315,1075,Cup
C:/dev/MLDL/미니프로젝트/data/batch_11/000021.jpg,1859,1248,4436,2466,Bottle
C:/dev/MLDL/미니프로젝트/data/batch_12/000059.jpg,237,2277,947,2567,Bottle
C:/dev/MLDL/미니프로젝트/data/batch_7/000017.JPG,1436,1742,1791,2200,Bottle
C:/dev/MLDL/미니프로젝트/data/batch_12/000093.jpg,1082,2255,3118,2993,Bottle
C:/dev/MLDL/미니프로젝트/data/batch_2/000049.JPG,2016,994,2111,1047,Cup
C:/dev/MLDL/미니프로젝트/data/batch_9/000064.jpg,1249,1082,1442,1260,Can
C:/dev/MLDL/미니프로젝트/data/batch_1/000115.JPG,2427,845,2840,1107,Paper
C:/dev/MLDL/미니프로젝트/data/batch_8/000074.jpg,1317,1275,1409,1465,Can
C:/dev/MLDL/미니프로젝트/data/batch_1/000004.jpg,649,55,742,143,Can
C:/dev/MLDL/미니프로젝트/data/batch_13/000054.jpg,926,1827,1122,2156,Can
C:/dev/MLDL/미니프로젝트/data/batch_8/000042.jpg,1672,1164,1831,1219,Bottle
C:/dev/MLDL/미니프로젝트/data/batch_1/000007.jpg,804,0,1026,160,Cup
C:/dev/MLDL/미니프로젝트/data/batch_15/000083.jpg,398,593,1230,1349,Cup
C:/dev/MLDL/미니프로젝트/data/batch_15/000072.jpg,149,1136,482,1523,Bottle
C:/dev/MLDL/미니프로젝트/data/batch_6/000055.JPG,970,1538,1312,1692,Bottle
C:/dev/MLDL/미니프로젝트/data/batch_8/000048.jpg,1750,1768,2356,1949,Bottle
C:/dev/MLDL/미니프로젝트/data/batch_5/000005.JPG,436,1828,855,2330,Bottle
C:/dev/MLDL/미니프로젝트/data/batch_8/000018.jpg,1149,956,1374,1087,Can
C:/dev/MLDL/미니프로젝트/data/batch_3/IMG_5068.JPG,516,681,1034,1248,Paper
C:/dev/MLDL/미니프로젝트/data/batch_6/000057.JPG,768,1277,1075,1791,Can
C:/dev/MLDL/미니프로젝트/data/batch_14/000022.jpg,909,1232,1352,1645,Cup
C:/dev/MLDL/미니프로젝트/data/batch_6/000072.JPG,1337,906,1431,945,Bottle
C:/dev/MLDL/미니프로젝트/data/batch_6/000072.JPG,1023,1632,1068,1728,Bottle
